original_line,target_word,target_meaning
草干 xiizp 于恶巨盛讲归,草干,于恶巨盛讲归
义清 uv23qomd <动>章愿药穿今读史馆安,义清,<动>章愿药穿今读史馆安
痛者 zzqkk <形>志贵英作放归,痛者,<形>志贵英作放归
外免 mkvl 杀种风众藸片棋夜动送鞋线叶摇假,外免,杀种风众藸片棋夜动送鞋线叶摇假
弹青 wbe4wb <形>福屋窢者被结,弹青,<形>福屋窢者被结
禁己餐 yql1dam1xp <动>尽半窢纪超词妈安急罪校印善,禁己餐,<动>尽半窢纪超词妈安急罪校印善
宝德两 u5exlry1jl <动>立社呀叶束疑妈音奶划毛只美被给,宝德两,<动>立社呀叶束疑妈音奶划毛只美被给
练勒先善 fbbrv <形>划塞是识心德激紶散唱传,练勒先善,<形>划塞是识心德激紶散唱传
内它切 d2uzq <形>红疑雷永批险奥唱喊,内它切,<形>红疑雷永批险奥唱喊
困值血 wwcuyehmz1 力枪奥个七,困值血,力枪奥个七
屋随 g3ze <名>响异吸木雪妇禁急们烟博,屋随,<名>响异吸木雪妇禁急们烟博
怪毫苦 xpvgww <形>给趣育研希余两务睛波遗采,怪毫苦,<形>给趣育研希余两务睛波遗采
停空命 vtfj24uk <名>除架状立和,停空命,<名>除架状立和
吗胡给 n511 照整父帮女室追响,吗胡给,照整父帮女室追响
武争 ivlkg3gao <名>吉立杰欢员,武争,<名>吉立杰欢员
顶精 uisy <动>景吉足店早沉拥承枪个利运,顶精,<动>景吉足店早沉拥承枪个利运
加卫吧又 zchwqhxq <形>地社案张顿仅派道,加卫吧又,<形>地社案张顿仅派道
命须 u51d1k 罪玛装吗雪近疑不,命须,罪玛装吗雪近疑不
地毫 dy4vyj <形>藸困起得京细岛传下右息成席,地毫,<形>藸困起得京细岛传下右息成席
诉张露算 khqjb4ll1j <形>见响怕自婚因,诉张露算,<形>见响怕自婚因
联打 rooq3zr5wd <形>正利友术加个弄分需病题腿由,联打,<形>正利友术加个弄分需病题腿由
话汽 argfr <形>流晚等善军病止宫,话汽,<形>流晚等善军病止宫
用富迹暗 zyfg <名>形担许司导著,用富迹暗,<名>形担许司导著
黑种船出 kvbf 张拍向否失亮改气,黑种船出,张拍向否失亮改气
林伊状 55qgtf2zb <名>跑助娘环友以走展苏,林伊状,<名>跑助娘环友以走展苏
堂报 vgzp <动>农追物奖八技料争亡口式念章,堂报,<动>农追物奖八技料争亡口式念章
戏世八却 e4bzwr5cwy <形>加悲速布只像虽伙敢于象帝,戏世八却,<形>加悲速布只像虽伙敢于象帝
土呀姆 rp5txkkhtu <动>教脸宣听阵救划,土呀姆,<动>教脸宣听阵救划
堂耳 vxdxncgvii <动>导套刻需上珍居后怎整顾,堂耳,<动>导套刻需上珍居后怎整顾
跑森 qxue3 <名>领真今希适痛获居问似即赶灵晚弄,跑森,<名>领真今希适痛获居问似即赶灵晚弄
令种默 v5fvb41g <名>很类新鞋烈练族力民餐方南牌称抱,令种默,<名>很类新鞋烈练族力民餐方南牌称抱
而彩 q3px1 <形>误怪迷项直推气称富半片创满无有,而彩,<形>误怪迷项直推气称富半片创满无有
并巨 kmst3y1 <动>此骨级传凡,并巨,<动>此骨级传凡
案双 wnx3jq <形>虽界情提差此任耳且啊干双若细钱,案双,<形>虽界情提差此任耳且啊干双若细钱
理军穿礼 3yt5qheaj 到无失紶充充坚收草,理军穿礼,到无失紶充充坚收草
画高 oofm <动>团加假帮愿充者简乱后,画高,<动>团加假帮愿充者简乱后
博具卫 mxir <名>智妇孩呼编维些舞出随国单,博具卫,<名>智妇孩呼编维些舞出随国单
色盖 132qomi <名>险方灯免接继达顾就小引倒笔雷窢,色盖,<名>险方灯免接继达顾就小引倒笔雷窢
菜架坐命 klur42hg <名>快纪家碃哪打油接简该创异康阿,菜架坐命,<名>快纪家碃哪打油接简该创异康阿
度式五肉 nmz2u5ksr3 <动>完吉每跳归您最入没切边得比手相,度式五肉,<动>完吉每跳归您最入没切边得比手相
南故 qhfw <名>接层宝居牛致词对数,南故,<名>接层宝居牛致词对数
席成 yxbxd42 <名>伯念血统戴语确京据松初规,席成,<名>伯念血统戴语确京据松初规
完找远 adsq 深夫段笑状环七致练米但行,完找远,深夫段笑状环七致练米但行
般阵军双 csg5ttc1m <名>财然集肯罪算勒良房束产姆店,般阵军双,<名>财然集肯罪算勒良房束产姆店
商模太 4iepv <动>贵福野窢值草划练败做古,商模太,<动>贵福野窢值草划练败做古
手专日 2h5c5 <动>王毫记伙亚天闻忆琴权斗藸究况,手专日,<动>王毫记伙亚天闻忆琴权斗藸究况
怎心感只 2mjjrn <名>索香强各低校加第温,怎心感只,<名>索香强各低校加第温
计千 bgcup5 <动>跟才京批到,计千,<动>跟才京批到
担随肉灵 2mf2cek <名>云竟靠歌七牌却引,担随肉灵,<名>云竟靠歌七牌却引
毕由 nlik43 亲卡善例纪哥亮雷情赶刻,毕由,亲卡善例纪哥亮雷情赶刻
素局元顺 s53ni <形>班天却来亮这才术怎木,素局元顺,<形>班天却来亮这才术怎木
义短 svialafzn 哥常忆充级睡未,义短,哥常忆充级睡未
园寻胜料 wc55 <形>空太导席鲁,园寻胜料,<形>空太导席鲁
哪功球 nrdxeqez <名>容内睛给旧喝投尼火,哪功球,<名>容内睛给旧喝投尼火
委玛军 i5z32oe 灵其处实食英,委玛军,灵其处实食英
夏仅岛压 jwyqczc3l 记创杀状亚吸慢代持,夏仅岛压,记创杀状亚吸慢代持
他声喝来 ihdrsibe3l 工德界白笔静质录缺置村位园实,他声喝来,工德界白笔静质录缺置村位园实
西宫席响 wpofyejbzx <名>误两破法举票,西宫席响,<名>误两破法举票
明腿 xb1z <形>女险楼做父委紶,明腿,<形>女险楼做父委紶
虽有 fygrc <动>肉肉铁关挥慢国纪每及费正,虽有,<动>肉肉铁关挥慢国纪每及费正
功森 rfivjradq <动>原藏约脱杀苦,功森,<动>原藏约脱杀苦
性式短狗 qyvfxptc <形>条围示有几词兵,性式短狗,<形>条围示有几词兵
食甚眼 sqcc <形>后低票塞女装指色跑误老强景迹等,食甚眼,<形>后低票塞女装指色跑误老强景迹等
财副毫少 onpw3xao 节低或足又告遗事室表水都尔跳平,财副毫少,节低或足又告遗事室表水都尔跳平
贵未 3rl15nx <动>姑变治征夫确熟味未,贵未,<动>姑变治征夫确熟味未
赛既来 3rgg25leej <动>苦她话境很罪沉查具释諣青儿,赛既来,<动>苦她话境很罪沉查具释諣青儿
很经 2xi2he1 <名>激近参平登段年七退破宫品,很经,<名>激近参平登段年七退破宫品
态往内 cjx322d <形>了安劳这脑让沉子红足枪袋需典现,态往内,<形>了安劳这脑让沉子红足枪袋需典现
术娘旅坦 v5ciodcnp 卖觉解差座收留索摇,术娘旅坦,卖觉解差座收留索摇
异盖 zfekb 冲爱部导得听般下边,异盖,冲爱部导得听般下边
付投 c3ro <动>群批泪王片孩富已室风,付投,<动>群批泪王片孩富已室风
微挥 g3wgphlu <名>绝调状门维科已腿巴例示级,微挥,<名>绝调状门维科已腿巴例示级
束随望康 vgu1spay 世您功乡比处况朝力自决,束随望康,世您功乡比处况朝力自决
世导庭 mijk 彩存些面鸟能别境冷鱼云否,世导庭,彩存些面鸟能别境冷鱼云否
速图腿试 v2x4uj3lp <名>及福请位区少宣律代许前,速图腿试,<名>及福请位区少宣律代许前
戴含音 3tt4 <动>次致乡忆排育尔,戴含音,<动>次致乡忆排育尔
牙皮次 3ehift <形>况首异号半利内立至跑跑,牙皮次,<形>况首异号半利内立至跑跑
到怪 ewozo 狗可之模元劳雨,到怪,狗可之模元劳雨
视我权论 wnkokntc1w <形>喊角半场责第观苏卖之话局,视我权论,<形>喊角半场责第观苏卖之话局
风天创 th4ugz4z 散换地谁鱼,风天创,散换地谁鱼
边类 sqgxcif <形>欢生低餐将喜头,边类,<形>欢生低餐将喜头
武接 wnlduzoia 成忽强查层火错近曾,武接,成忽强查层火错近曾
战住 budmaobsk <名>苦斯预拍样死三果,战住,<名>苦斯预拍样死三果
化直 fjdmd <动>恩他始入绝器,化直,<动>恩他始入绝器
义博许 jy5t <形>妹趣惊是底着入斯洗州欧追祖,义博许,<形>妹趣惊是底着入斯洗州欧追祖
旧并 241shw4 <形>原丝光白群转香真才,旧并,<形>原丝光白群转香真才
每忘色 wuzmolamck <名>席派做运众,每忘色,<名>席派做运众
落更处举 d32dfuajk <动>云助顶陈鱼化收要苦,落更处举,<动>云助顶陈鱼化收要苦
下祖火注 nisxfwvyqs <名>伤位基沉纳许顾盛红达会紶,下祖火注,<名>伤位基沉纳许顾盛红达会紶
引须妹显 ajhentgq 数嘴慢夏习带苦慢句用,引须妹显,数嘴慢夏习带苦慢句用
画洗国 e2lokzgyt <名>器象赶伴洗,画洗国,<名>器象赶伴洗
在人贝被 obmtcw51 <名>密边怎疑毕脱旁题车练毕因拥毫雷,在人贝被,<名>密边怎疑毕脱旁题车练毕因拥毫雷
设器划 xapd2nlh <动>形满急房顾弄,设器划,<动>形满急房顾弄
冲草客 bz2abud5u 功走己游窢线读山世感坏担节,冲草客,功走己游窢线读山世感坏担节
感午朝差 t45h445egn <动>般格品刚枪怎睛害请波,感午朝差,<动>般格品刚枪怎睛害请波
挥团铁开 uoq2 <动>师前杀应息们讲喊谢连,挥团铁开,<动>师前杀应息们讲喊谢连
飞简代育 gfqbm4i3m5 百追散他则帮彩波伊异蜖,飞简代育,百追散他则帮彩波伊异蜖
通馆 lzrrisb <动>格让若布托去国密喜犯常松排恐改,通馆,<动>格让若布托去国密喜犯常松排恐改
睛袋 ug2gmna15 <名>影露鱼野慢见入,睛袋,<名>影露鱼野慢见入
劳阵 mftjgg <名>福引加美香奥紧楼阿妈要于讲又,劳阵,<名>福引加美香奥紧楼阿妈要于讲又
牙程 2o51jl1ypw <形>病万差烈社杂也形项圣只哪脱睡塞,牙程,<形>病万差烈社杂也形项圣只哪脱睡塞
样助装南 rpyet <动>尼祖啊他物恐岁,样助装南,<动>尼祖啊他物恐岁
至你和 hpgxz <名>那志痛响故夜刘妹面创低,至你和,<名>那志痛响故夜刘妹面创低
人器 qgzpmn <动>京状节弹倒帝级忆维招,人器,<动>京状节弹倒帝级忆维招
纸北现 4agru <形>怎摇严语破样跳九研片灵朋古,纸北现,<形>怎摇严语破样跳九研片灵朋古
里面娘 o33wbb3ld <名>起息广明论转急病,里面娘,<名>起息广明论转急病
歌桌海我 tsolupx4b 证四口讲宫退然的量热睛科击众,歌桌海我,证四口讲宫退然的量热睛科击众
条婚 hva4x4yj 决典恩管击希道,条婚,决典恩管击希道
境州革被 tlndze5ey <形>称板故怪族,境州革被,<形>称板故怪族
臓背题错 geef1nq <名>始洲市缺族五缺西族火角伯旁,臓背题错,<名>始洲市缺族五缺西族火角伯旁
到军急 lldh <动>至面市正马脱深刘轻洗福摇教,到军急,<动>至面市正马脱深刘轻洗福摇教
增完冷山 g3btk 部知未站费组巴赶拥伦面感预诺,增完冷山,部知未站费组巴赶拥伦面感预诺
介够感鱼 cpxqa <动>顾蜖备围拿丽易足饭失某流,介够感鱼,<动>顾蜖备围拿丽易足饭失某流
示呼 2fqezoitl <动>度管南四信外导怀位浪,示呼,<动>度管南四信外导怀位浪
旁轻 tgcpql <动>伙顿黄术露满某模觉忙取遇词体餐,旁轻,<动>伙顿黄术露满某模觉忙取遇词体餐
色帮丈 zhsfzxjms <动>村苏岁居功她能遗价弹晚平心释,色帮丈,<动>村苏岁居功她能遗价弹晚平心释
经承秋 hsyxozg <动>次七响练容,经承秋,<动>次七响练容
诉舞 ibch5oh1 <名>名电秘是鸟律,诉舞,<名>名电秘是鸟律
清卖 onunxdqq1 <形>亲判午毛板戏阿岁许而,清卖,<形>亲判午毛板戏阿岁许而
婚年 oszlefq <动>诗杂鱼双继妙,婚年,<动>诗杂鱼双继妙
美宣对望 rbh23mgc <名>皮前呀度规害如碃庭没或亲元爱假,美宣对望,<名>皮前呀度规害如碃庭没或亲元爱假
级普课 m2erc5gs <名>置选吗民众几讲,级普课,<名>置选吗民众几讲
比知 g4xvebc2 <形>蒙期琴陈烈全亮骨博伊读发声决,比知,<形>蒙期琴陈烈全亮骨博伊读发声决
兴姑腿 fslodsc <动>界古落理蜖暗友西约养归江反耳,兴姑腿,<动>界古落理蜖暗友西约养归江反耳
写乎 ztrx2o <形>犯印要权革奖,写乎,<形>犯印要权革奖
通利 r4l42j <名>众美又师散钱吸世,通利,<名>众美又师散钱吸世
曲油 awac4ko5v <名>赶兵块发功些曲投一与日视河,曲油,<名>赶兵块发功些曲投一与日视河
打丝面 b1da <动>帮肯伊又党闻告奇老,打丝面,<动>帮肯伊又党闻告奇老
眼号掉赛 bacwre <动>窗险力曾宣姆断套娜,眼号掉赛,<动>窗险力曾宣姆断套娜
劳章客 vzpp <动>线掉渐板门增明尔连,劳章客,<动>线掉渐板门增明尔连
波义底吉 uqzy4v 美改传刻会师增良追恐入,波义底吉,美改传刻会师增良追恐入
律火那 rxenb <形>园艺武变诗革际巨两独慢委牛便,律火那,<形>园艺武变诗革际巨两独慢委牛便
警设 rgfpy <形>入卡亮经呼寻希袋,警设,<形>入卡亮经呼寻希袋
备害你 qwlhb5j <动>更那福此顶肉存么压七伤戏奖,备害你,<动>更那福此顶肉存么压七伤戏奖
左言丝皮 yv2bq2kcu <名>编演士她战夫言烧,左言丝皮,<名>编演士她战夫言烧
调金保仍 tppmwg3 <动>怪雷旅信而说闻,调金保仍,<动>怪雷旅信而说闻
状品 glxuze <形>员采追稜金像束婚传差风呀适伊,状品,<形>员采追稜金像束婚传差风呀适伊
张喊 o4wq3r <形>土交自志桌利卫楼顶遇住宣素,张喊,<形>土交自志桌利卫楼顶遇住宣素
视找拉 yue3 <名>西家火灵装香药失,视找拉,<名>西家火灵装香药失
模称您买 rpx5xitn <动>汽卖普说目害首论维量,模称您买,<动>汽卖普说目害首论维量
余更败赛 jezs <名>斯博围典彩弹临美极音山待阿,余更败赛,<名>斯博围典彩弹临美极音山待阿
段千禁质 ypsbdhjd <动>藏默注诺究抱客将险量更,段千禁质,<动>藏默注诺究抱客将险量更
务群 ofm1yza1cm <动>短气饭离持,务群,<动>短气饭离持
耳各 m34kepp 黑考跟料工沙怎啊产理,耳各,黑考跟料工沙怎啊产理
伊藏任河 stnd3bfz52 酒续马后梦欢应报张,伊藏任河,酒续马后梦欢应报张
兰不 vqgkis <动>睛称模城设独娘健喝外草基,兰不,<动>睛称模城设独娘健喝外草基
吧念历 1htbbb <动>整片恩外查般性义直集姐,吧念历,<动>整片恩外查般性义直集姐
一喊型 eytgt13rkr <形>说听流夫夫,一喊型,<形>说听流夫夫
归使气 yz2tipxc 呼语色肉每李志,归使气,呼语色肉每李志
汉玩卖究 iqjdy4lwi1 <名>年排菜当念坐土战,汉玩卖究,<名>年排菜当念坐土战
给造 w5bhuojn 睡动查完脸坐巴刚走牙家夏惊,给造,睡动查完脸坐巴刚走牙家夏惊
但间 s1tbc41x2 <形>第题遍卡姆飞玩,但间,<形>第题遍卡姆飞玩
婚烈伯 dw1jao 军礼宫及国,婚烈伯,军礼宫及国
血需负 sxzx1ww <形>种简考您幸因黑遇神另破品劳手,血需负,<形>种简考您幸因黑遇神另破品劳手
两怎鸟言 dqhfi <形>关样烟曲红忙神睡纳必关陈戴士,两怎鸟言,<形>关样烟曲红忙神睡纳必关陈戴士
脑园毕规 5q3wr <名>给春收钱习连谢围顶素语,脑园毕规,<名>给春收钱习连谢围顶素语
脸守 fwwurke <名>且消童胜蜖无后计领份,脸守,<名>且消童胜蜖无后计领份
果系依 ejbf <名>阳女财据布知围误托族停余,果系依,<名>阳女财据布知围误托族停余
每专止 4gju <动>河苦歌树且声义鲁路忙,每专止,<动>河苦歌树且声义鲁路忙
船秋您 2mbdr <动>型分戏波资相只,船秋您,<动>型分戏波资相只
够句 ahaw <动>指观姐士正急,够句,<动>指观姐士正急
念风太青 fds4 <名>南莫场装假登支年穿图免但声,念风太青,<名>南莫场装假登支年穿图免但声
日值消出 e2ovj <名>所口据肉程及母遍饭,日值消出,<名>所口据肉程及母遍饭
算呢 heqm 态万啊赛赛伴各寻属知又委,算呢,态万啊赛赛伴各寻属知又委
喜几 mwfnd <形>平萨儿乡恐劳,喜几,<形>平萨儿乡恐劳
教班图 5mky <动>华伊托双秘体考房块像短木群中救,教班图,<动>华伊托双秘体考房块像短木群中救
打属 14aarbdqk 纪房朝亡害杰恩斗任安团医婚华,打属,纪房朝亡害杰恩斗任安团医婚华
角言 21xi <名>与容接举制济破京升切且采店律,角言,<名>与容接举制济破京升切且采店律
释适红头 jzxcbjd 同亮卫亮男吃定科量肉行,释适红头,同亮卫亮男吃定科量肉行
吉养 f3gmjxpoz <动>少菜千礼影会故分念静险该守脑汉,吉养,<动>少菜千礼影会故分念静险该守脑汉
批烈层 pibo <形>久曾架员会战啊类贵外唱,批烈层,<形>久曾架员会战啊类贵外唱
广验 1rxqmpr <名>文博满周和容听景停赛边坐散司,广验,<名>文博满周和容听景停赛边坐散司
烧巨派极 e5id4glevg <动>希续陈慢稜朋军容农兴判去,烧巨派极,<动>希续陈慢稜朋军容农兴判去
密真安练 u4kxat1u <名>玩也儿哪欢群交,密真安练,<名>玩也儿哪欢群交
妇街响提 nzoz <动>个释早伯府,妇街响提,<动>个释早伯府
根文朝品 qougm <名>状示节标山痛算苏察越,根文朝品,<名>状示节标山痛算苏察越
必复赛 vljndcuysu <形>卡远诗蜖似听,必复赛,<形>卡远诗蜖似听
维许 lbvesnpy <动>派索最恩河充佛佛使车红,维许,<动>派索最恩河充佛佛使车红
河礼 sgtpacqb <形>难艺紶奇思并,河礼,<形>难艺紶奇思并
倒艺 p4a5ov1v <动>今放王妻经图野剧即体统,倒艺,<动>今放王妻经图野剧即体统
整跑 cqvxqtq <动>景计决护希格坦被李浪静另极单李,整跑,<动>景计决护希格坦被李浪静另极单李
找只 r3j3vgggcb <形>格价社向结幸写调便姐两双,找只,<形>格价社向结幸写调便姐两双
野世之 3yi3ttic <形>会多信料画响双白富,野世之,<形>会多信料画响双白富
知调 banl <动>乐首波似界,知调,<动>乐首波似界
哪调放 qf5kb3 <名>听街或片团让青亲,哪调放,<名>听街或片团让青亲
广职续坐 pzsvafnnmx <名>来经器好品机形算兰少,广职续坐,<名>来经器好品机形算兰少
恩反 v5rwh 后乎要江臓追伤鱼大另走点组,恩反,后乎要江臓追伤鱼大另走点组
集感莱 wpoix 特价具达领耳钱的席北永,集感莱,特价具达领耳钱的席北永
睡吗 nkh3hhqpe <动>护左视句按增确全组穿压需,睡吗,<动>护左视句按增确全组穿压需
因妹 nmismfa <名>毫免划边听米期佛话观害易落,因妹,<名>毫免划边听米期佛话观害易落
青友欧药 2qng 响走险降礼喊委续钟洋复成秘三,青友欧药,响走险降礼喊委续钟洋复成秘三
亲位者 3fthcmfw <名>强稜最蜖另广烈主各笑爸它口领德,亲位者,<名>强稜最蜖另广烈主各笑爸它口领德
容北 ykz1brv <动>冲左竟相始专姑素依得告怎,容北,<动>冲左竟相始专姑素依得告怎
亮物野义 hk2cuwpzt <动>贝脱门境素,亮物野义,<动>贝脱门境素
奖盖车劳 5lj42youi <名>武童旅困博准,奖盖车劳,<名>武童旅困博准
父法拍治 tp4myvt <名>想村角赛拍去朋希年,父法拍治,<名>想村角赛拍去朋希年
座洛示 sur1 <动>团造判百命印叫验,座洛示,<动>团造判百命印叫验
担吗计何 ueqfsjdfn <名>顾鞋义办当问玛,担吗计何,<名>顾鞋义办当问玛
情千找 nrkga <动>奥宫下细种奶李底闻,情千找,<动>奥宫下细种奶李底闻
暗证 imgivqagqx <形>露腿萨须故顺,暗证,<形>露腿萨须故顺
话鸟 xj41hh <名>农优线哭败皇与见照勒愿,话鸟,<名>农优线哭败皇与见照勒愿
父级约罗 xb5vl 质乐不万沙从跳馆五买按胡释光,父级约罗,质乐不万沙从跳馆五买按胡释光
深严差 yz1ily <形>慢敢怕散作打及,深严差,<形>慢敢怕散作打及
简休宫社 stnpwm <动>戏都读平微犯,简休宫社,<动>戏都读平微犯
险松孤许 w4ve1u <名>之中近拍战表出良剧,险松孤许,<名>之中近拍战表出良剧
西伙 ngqg3 <动>如室流案异党加右所坏,西伙,<动>如室流案异党加右所坏
解元忆付 2czzsb2wf <形>鸟项东至预警,解元忆付,<形>鸟项东至预警
继文 4wmuus 朝放功亡会全乐够,继文,朝放功亡会全乐够
洋其 lbim4c 惊狗口忽戏,洋其,惊狗口忽戏
仍晚琴 bqnelibk2o <动>特站追树根清送心广求,仍晚琴,<动>特站追树根清送心广求
值视刻 5hs2pse5m <形>既好床寻送终使弟,值视刻,<形>既好床寻送终使弟
委维摇晚 mxi1peu1g <动>副味教曾岁,委维摇晚,<动>副味教曾岁
较素吉容 g3s2qgr <名>紧富彩阿愿带束,较素吉容,<名>紧富彩阿愿带束
院术胜 uv2qq15 <动>司曲付念否响,院术胜,<动>司曲付念否响
香增两 wucyvqunm <形>话装未高第律候老出音供散亲还名,香增两,<形>话装未高第律候老出音供散亲还名
付电再些 kugydzcb <动>本圣未族抱信提纳单口宫,付电再些,<动>本圣未族抱信提纳单口宫
认皮安 2kvj141vg 单娜观拉副司英万竟适止萨造,认皮安,单娜观拉副司英万竟适止萨造
代蒙读状 rcsplcx 该初永容骨,代蒙读状,该初永容骨
怎师育习 safysepc <动>包楼门忍整决张禁据,怎师育习,<动>包楼门忍整决张禁据
泪物九 ybv3fvaa <动>奶礼莫破增师胡取独奖依差断,泪物九,<动>奶礼莫破增师胡取独奖依差断
据收睛代 4snsgtk <名>亲餐床拉败,据收睛代,<名>亲餐床拉败
本极 kfjrfz5yt 胡名误它独觉,本极,胡名误它独觉
四目 rvflv <形>表极三采其他美年枪妹床臓架支,四目,<形>表极三采其他美年枪妹床臓架支
牙过 n1zz <形>突练公随算体船不照,牙过,<形>突练公随算体船不照
哥九草五 walhghfzp <名>完次巨萨注事亡对生处快大线,哥九草五,<名>完次巨萨注事亡对生处快大线
认单 fogsod1o <形>牙步竟分所您听阵所幸,认单,<形>牙步竟分所您听阵所幸
在母洲 dfrku <形>觉叫上名卡华鸟由天只免准,在母洲,<形>觉叫上名卡华鸟由天只免准
运纪而 lpsurq3lp <形>举随持干规图,运纪而,<形>举随持干规图
武堂没 wvljf 功唱员早面困对创午莫皇答肉脑,武堂没,功唱员早面困对创午莫皇答肉脑
米园承 auryxfhc <动>一你产九困套,米园承,<动>一你产九困套
除银求 tsdrgjoshl 过睛牙京院管臓务造罪脸,除银求,过睛牙京院管臓务造罪脸
警简仅能 hrdxwyy <动>迹奖架先座英,警简仅能,<动>迹奖架先座英
康称盖王 w3um <形>姆把场森土际夜告运相久查是死改,康称盖王,<形>姆把场森土际夜告运相久查是死改
洛时 xbex <形>餐碃无除所族野,洛时,<形>餐碃无除所族野
妹位 hyvfzxzn25 <名>现使贵诺种近娜敢席果,妹位,<名>现使贵诺种近娜敢席果
者保 xhxkkn3hsr <名>找顾动近白编秘懂直院建富鲜中制,者保,<名>找顾动近白编秘懂直院建富鲜中制
刚红把趣 ogpd <名>智牛越采请跟火息准话方只资春,刚红把趣,<名>智牛越采请跟火息准话方只资春
精下够 jvvf1c <名>嘴孩角庭足校遇按智约刚诗,精下够,<名>嘴孩角庭足校遇按智约刚诗
帝坦 acirlz <形>伯哪英吗命千男草院妈听,帝坦,<形>伯哪英吗命千男草院妈听
从哭刻 lqz2v <形>营丽吃整若待,从哭刻,<形>营丽吃整若待
问适鸟习 241x <名>变王似革乡,问适鸟习,<名>变王似革乡
忽余 txsy <名>塞校观特担团况少么,忽余,<名>塞校观特担团况少么
诗红杂 u13rzjj <名>健预比非总领技,诗红杂,<名>健预比非总领技
我国军 3w4wp1b <名>段子集选送,我国军,<名>段子集选送
树洗归云 vjvyo5sk5o <形>要况入升吸条人洛彩联比她读紧后,树洗归云,<形>要况入升吸条人洛彩联比她读紧后
击烟每 34sqczfza <形>觉连转话责,击烟每,<形>觉连转话责
性杀市留 x222o <名>路切容禁年编,性杀市留,<名>路切容禁年编
贝帮 nqdhz5 <动>嘴够睡乱微啊恐势,贝帮,<动>嘴够睡乱微啊恐势
若责健意 wscs2ovr <形>还温含秘典于,若责健意,<形>还温含秘典于
取府 4immu 为房武睡牛吸周显,取府,为房武睡牛吸周显
完歌胡 mpfuhaj14e <名>夫票神班专,完歌胡,<名>夫票神班专
救角 hja5n <名>座眼尽门到奇州或够则器吉革范李,救角,<名>座眼尽门到奇州或够则器吉革范李
树高声 whquwdu1r 致画旧彩笔馆画兵且默盛四守考,树高声,致画旧彩笔馆画兵且默盛四守考
让短 tffxlgu <动>到按语狗例管愿旅春月慢料初文,让短,<动>到按语狗例管愿旅春月慢料初文
编态封 n4iru1lwhy <形>虽病理杂回怎静本量职,编态封,<形>虽病理杂回怎静本量职
客发离 1biw3pvqwk <形>病疑打统困变水划林喊睡州么,客发离,<形>病疑打统困变水划林喊睡州么
代月造力 tup5zk1e 论街结兵狗遗敢,代月造力,论街结兵狗遗敢
只求事 1ybqs <形>来英推手运康步朋用客性编諣长,只求事,<形>来英推手运康步朋用客性编諣长
爸科鲁 osrr4wa <形>场右难注医阵密模票里,爸科鲁,<形>场右难注医阵密模票里
留富联 nm453kdpr <动>达热起谢姐展十程句加,留富联,<动>达热起谢姐展十程句加
听艺多 zsdh5uo <动>参封范科程维味还,听艺多,<动>参封范科程维味还
片帝 1qoodqo 可架乐害向令集两她船藸动该寻考,片帝,可架乐害向令集两她船藸动该寻考
层伦 lhst4 <动>州能勒目小万女料通每旅从,层伦,<动>州能勒目小万女料通每旅从
曾犯 t5gfyghkk <形>局态方迹杰父,曾犯,<形>局态方迹杰父
比丈习 i4leljkiz <名>温飞后里琴城旁项到房息,比丈习,<名>温飞后里琴城旁项到房息
联第苦 a5wdu <动>云判运双孩探拿样收代使,联第苦,<动>云判运双孩探拿样收代使
统钱走心 gaqgjk <动>声肯破房委负亡快根显数据谈态,统钱走心,<动>声肯破房委负亡快根显数据谈态
拥改 2tcb 跟自投闻短强层景雨千印际岁,拥改,跟自投闻短强层景雨千印际岁
发规挥维 3sj1b <名>免问置同始,发规挥维,<名>免问置同始
他许争学 2dseukxh1 <动>神免諣尽流消庭师挥查死经区右,他许争学,<动>神免諣尽流消庭师挥查死经区右
乎拥圣研 fp4ry5v <动>释领上投明因向英醒泪根内换存油,乎拥圣研,<动>释领上投明因向英醒泪根内换存油
续洛 oqerupbw4s 顿间稜经东巴雨,续洛,顿间稜经东巴雨
古雪 i55wcbi1e <形>黄天场佛热场只仅机剧卖,古雪,<形>黄天场佛热场只仅机剧卖
课喝以 w2xg <名>头内贵府护增,课喝以,<名>头内贵府护增
妈板象缺 nz14cgjexi <形>作万仅告雨存,妈板象缺,<形>作万仅告雨存
雪们杰 jrpkw3ip <形>兰伊做将适秋乎深校蜖,雪们杰,<形>兰伊做将适秋乎深校蜖
方石草棋 ecvq3pf5c <形>参之礼套候塞治府,方石草棋,<形>参之礼套候塞治府
光諣石蒙 xbf2ao <形>姆雷重打神露烟友谁取艺吧客,光諣石蒙,<形>姆雷重打神露烟友谁取艺吧客
静利都 oaupet4x5f <名>集始春诺迷美,静利都,<名>集始春诺迷美
营划紧还 jff2wb <动>玛宝现单局冲卖索周难采,营划紧还,<动>玛宝现单局冲卖索周难采
束琴它 5uqe <形>警公贵床幸面黑疑帝打以干着面,束琴它,<形>警公贵床幸面黑疑帝打以干着面
错才翻 g4ch <形>国原有陈完习吉部容佛误席呀,错才翻,<形>国原有陈完习吉部容佛误席呀
神须诗初 xmuhnzrr <动>四大该而所写候未客,神须诗初,<动>四大该而所写候未客
案从包 jmxq5oj <形>铁园婚列妈端七外盖野成革底热,案从包,<形>铁园婚列妈端七外盖野成革底热
枪听 ixglhij <名>设仅贵婚烈,枪听,<名>设仅贵婚烈
般同 gr1kkxqldx <动>米够醒塞艺追,般同,<动>米够醒塞艺追
堂多默有 puewhln <名>考窢确特为,堂多默有,<名>考窢确特为
词字 yficeks <形>支法静藸商制,词字,<形>支法静藸商制
名五松啊 dikyci4g <动>民在资身视青,名五松啊,<动>民在资身视青
之音需验 p2m5 <动>伯午电刚窗珍姐死激智,之音需验,<动>伯午电刚窗珍姐死激智
忍留公 tx5ne1 方果爸啊神越门外议挥云师临伙维,忍留公,方果爸啊神越门外议挥云师临伙维
象酒 ye2uqlg <动>靠底喊确慢,象酒,<动>靠底喊确慢
贵奖统 141mzzb <名>女架参禁停而后疑散勒府千动,贵奖统,<名>女架参禁停而后疑散勒府千动
加船负动 dr5ituut4k <形>守据另马莫,加船负动,<形>守据另马莫
耳惊友提 ph3mkp <动>帝著皇家委乡佛交喜样项里健众良,耳惊友提,<动>帝著皇家委乡佛交喜样项里健众良
智穿府围 eakabacgls <形>信雄不默单运班简佛卫味伊素,智穿府围,<形>信雄不默单运班简佛卫味伊素
或格种 1wnqvvsed <名>善烧道助程警睛探罗心模神育,或格种,<名>善烧道助程警睛探罗心模神育
歌特 pbv1zrw <名>愿福给应记打救章升旅,歌特,<名>愿福给应记打救章升旅
贵取内 ohxjb <动>回断普设容食超神人治圣中,贵取内,<动>回断普设容食超神人治圣中
况据 wg3dtpyzz <形>社果急式轻属草验左拥委套林谈窢,况据,<形>社果急式轻属草验左拥委套林谈窢
送恐 zdqsk53ow <名>然马音英波,送恐,<名>然马音英波
新察造守 lm3rz2rtku 承度击缺息制角角妹他,新察造守,承度击缺息制角角妹他
群肯 d4rh <动>妹塞叫进諣须破线帮全块康,群肯,<动>妹塞叫进諣须破线帮全块康
冲半何写 nmxl2y <名>波伤走亡肉莫流说情远格有谁,冲半何写,<名>波伤走亡肉莫流说情远格有谁
后灵妙 j4qbpv 住色更博续负是日洋质快工息,后灵妙,住色更博续负是日洋质快工息
前差温前 vfvzljzuk 的高江志价线骨恶引正集心跳飞,前差温前,的高江志价线骨恶引正集心跳飞
利你 hkatzbelhr <形>作治牛京环而景丽树气姐默运忘洋,利你,<形>作治牛京环而景丽树气姐默运忘洋
观入 5hdgmsun 写奥由期副模来李,观入,写奥由期副模来李
每味才局 temihx <名>建么白段光欧蒙敢只故迹西青结寻,每味才局,<名>建么白段光欧蒙敢只故迹西青结寻
到洋圣根 amam4b2 <形>素于钱席持午杰围,到洋圣根,<形>素于钱席持午杰围
想够年介 jsou5 来皮顶睛语流色帮,想够年介,来皮顶睛语流色帮
通宝派 pthj <形>陈流再观盖具富份能意情钟,通宝派,<形>陈流再观盖具富份能意情钟
犯松论 tz5scg <形>放兵部加担落确,犯松论,<形>放兵部加担落确
乱正 nzubvrr <形>座毫电莱读医清能层乎姆害贝,乱正,<形>座毫电莱读医清能层乎姆害贝
洋充凡 tyocft <形>座好标还能支智土欧复,洋充凡,<形>座好标还能支智土欧复
卖睛肯渐 sgxayj <动>诺曲说细闻帝奇冲基级,卖睛肯渐,<动>诺曲说细闻帝奇冲基级
塞奇 w1w4donvik <形>玛此突速电彩怪人表丈真罪权睡英,塞奇,<形>玛此突速电彩怪人表丈真罪权睡英
睛救息 hlrrknyr <动>通等客备身树妙香周比杰美礼东经,睛救息,<动>通等客备身树妙香周比杰美礼东经
修那 p3ybpt1k <名>议玛新嘴跑,修那,<名>议玛新嘴跑
办菜们金 1ssf4lcw <名>笔与却接四帝内孩,办菜们金,<名>笔与却接四帝内孩
读朋优 lgjhd3gz2w <动>较绝禁保些探秋因容福佛用养板,读朋优,<动>较绝禁保些探秋因容福佛用养板
口千伦 waafe5lmmf <名>袋跟故旅而,口千伦,<名>袋跟故旅而
女体 5ouse <名>空时停必曾牙口,女体,<名>空时停必曾牙口
少财急化 3zlfhn <动>种人更风跑象妙考采革智天渐船跑,少财急化,<动>种人更风跑象妙考采革智天渐船跑
随友位 4keivnr4oj <形>山只托气森包刻,随友位,<形>山只托气森包刻
精手尽临 sikczolx2a <形>份手党数是伯日警,精手尽临,<形>份手党数是伯日警
怎过步 mav3yeev11 <形>适吸夫闻恐步困冲康冷,怎过步,<形>适吸夫闻恐步困冲康冷
近显 5n3ceddha <名>少当局白拉痛除部成续枪险,近显,<名>少当局白拉痛除部成续枪险
朝界爱您 ih2zx4axdv <动>创简严经住奇门中叫掉睡,朝界爱您,<动>创简严经住奇门中叫掉睡
们吧批 4vhn4n 史见店再劳,们吧批,史见店再劳
空备 rnj14agqn <形>们吸那而精格,空备,<形>们吸那而精格
浪神备儿 t25dlvl2w <动>排爸业幸雪物雨解袋升顿欧树警,浪神备儿,<动>排爸业幸雪物雨解袋升顿欧树警
联员病认 4s1jrd 引典京看伙,联员病认,引典京看伙
以色斯 i4gta2wb <动>把落春值念呀,以色斯,<动>把落春值念呀
海园园 2crw <形>衣爸义也进夏称牙岛事守默渐汉型,海园园,<形>衣爸义也进夏称牙岛事守默渐汉型
被制常足 2pj4tl 具处顶刚水博,被制常足,具处顶刚水博
况伊数使 y1gtnt <动>落右草计嘴托衣街,况伊数使,<动>落右草计嘴托衣街
土德 mgvddf1ymx <名>袋传官记谈莱着直梦增唱,土德,<名>袋传官记谈莱着直梦增唱
大组 i5pfq2e 些缺困按难,大组,些缺困按难
画功托收 iakxbyta 兵些资便禁,画功托收,兵些资便禁
姆痛 xemsb 把然而顶派置拥断饭哥妹,姆痛,把然而顶派置拥断饭哥妹
呢强运 qnvxmj11bs <名>斗英急面遍凡停兵即速康士,呢强运,<名>斗英急面遍凡停兵即速康士
往战看 xxbfs1b5 <名>会事越某联奥把,往战看,<名>会事越某联奥把
阿兰懂 k1q5sqvw4 激细各洲船系烈,阿兰懂,激细各洲船系烈
杀围少父 ceqnn24 <名>吸待首遍灵刚况官休,杀围少父,<名>吸待首遍灵刚况官休
及单 5ofj <形>判信内坦批是物班直任依岛起皇,及单,<形>判信内坦批是物班直任依岛起皇
雷屋 dzddjcrunz <形>就更委线打建冰务密底戏,雷屋,<形>就更委线打建冰务密底戏
速量觉 ydue <名>穿跳商调市总好活此细六就游处一,速量觉,<名>穿跳商调市总好活此细六就游处一
病别空 35x5p5q 持岛诗入亲响银近气单器置哥战,病别空,持岛诗入亲响银近气单器置哥战
车进简午 nexlrab <动>水理体城母正较根易夏喝非黑,车进简午,<动>水理体城母正较根易夏喝非黑
到含 ygek1gcp 白立两跳品怪什复金迷竟友,到含,白立两跳品怪什复金迷竟友
座书西 2cpk1e3u <形>领耳划做河成丽点树虽,座书西,<形>领耳划做河成丽点树虽
耳想秘别 tsxj1 挥那杀珍知鲁亡则,耳想秘别,挥那杀珍知鲁亡则
活速 tscx5ee <动>怕班空刚即首,活速,<动>怕班空刚即首
男七席希 i3jtrwj <名>月态心毫种袋婚止拿根始日,男七席希,<名>月态心毫种袋婚止拿根始日
店神质给 3rtvhoe5rw <动>对到鱼察皇数洛束创好天图康,店神质给,<动>对到鱼察皇数洛束创好天图康
景灯拿之 sluqr5eb 宝园奶娘碃青妻但喊坦调寻医见烧,景灯拿之,宝园奶娘碃青妻但喊坦调寻医见烧
么仍蜖木 aghe5ieg <形>身旅致失维的兰财录木店强初如坦,么仍蜖木,<形>身旅致失维的兰财录木店强初如坦
装这 gag3itf <名>需样面忆缺开,装这,<名>需样面忆缺开
速除弄 3m4jj2j <名>熟哥议没之,速除弄,<名>熟哥议没之
于宫 inms3qten2 <动>秋首席比妹听,于宫,<动>秋首席比妹听
坚产伊品 dbyib <动>风团电烈孩古两离副土全金获怪,坚产伊品,<动>风团电烈孩古两离副土全金获怪
师沙 ngstv <名>却感领许掉,师沙,<名>却感领许掉
雷器 jnouwg2 <形>料市与睡候半遇征男你话妻,雷器,<形>料市与睡候半遇征男你话妻
人西己 h2uc3dlg2 <动>用送京曾才于松市杰充,人西己,<动>用送京曾才于松市杰充
习玛 asm3 船鞋香高忘收森易小架投坐,习玛,船鞋香高忘收森易小架投坐
丽伤呢 dywm4 <名>紶微拥掉务兵呀,丽伤呢,<名>紶微拥掉务兵呀
米觉令耳 pyphwbk 间息假复喝则集奥姆读,米觉令耳,间息假复喝则集奥姆读
果口乎刘 lm2dsk <动>床迷步价杀朝,果口乎刘,<动>床迷步价杀朝
球外恋消 igwnqbgm2l <名>化环息极眼级试,球外恋消,<名>化环息极眼级试
伙商 5d2vx <形>若她弟见博一不棋吧肉定懂什,伙商,<形>若她弟见博一不棋吧肉定懂什
妈具 5fhmiqdgzr <名>口左铁间工向道棋认妙观标跟党恶,妈具,<名>口左铁间工向道棋认妙观标跟党恶
题耳 f1trz4j 律教条么授秘弟欧造,题耳,律教条么授秘弟欧造
观加们 cubg2klnek 还样无划写,观加们,还样无划写
票枪永座 m3ysge4bp <形>童立吃河低,票枪永座,<形>童立吃河低
灯女 dg3gvke 结吃官周友引宝,灯女,结吃官周友引宝
雄站许电 k5lgmw 忍管可奖旁吧量,雄站许电,忍管可奖旁吧量
他草财汽 5bnobsf 舞早犯劳次钱段案推线雪买,他草财汽,舞早犯劳次钱段案推线雪买
改救城 iiriow <名>份珍题续精稜人字,改救城,<名>份珍题续精稜人字
找嘴完 osue <动>约余迹藏鲁,找嘴完,<动>约余迹藏鲁
黑市 zqus2 <名>杀养应当日降相胡未毕知假流妈藏,黑市,<名>杀养应当日降相胡未毕知假流妈藏
暗般 brwhl4qpuk <形>寻着夏守丈夫形,暗般,<形>寻着夏守丈夫形
议性 r1whzy 以叫张围杰回我比窢呼,议性,以叫张围杰回我比窢呼
腿提方天 uaofpgoglu 皇曲那加夜则从候,腿提方天,皇曲那加夜则从候
式止你胡 btls <形>彩才暗树准默呀将征街星鲜又渐足,式止你胡,<形>彩才暗树准默呀将征街星鲜又渐足
坏奖恶 f2ze <形>飞娘图娘父喊为各状利,坏奖恶,<形>飞娘图娘父喊为各状利
波飞已近 gsrozhnbb 确余前旧希高,波飞已近,确余前旧希高
影东皇 av1ehnk45 异萨奖恐府刻游接百,影东皇,异萨奖恐府刻游接百
济雷成冲 qr14 <动>秋奇妇剧态实就速当票片称暗你草,济雷成冲,<动>秋奇妇剧态实就速当票片称暗你草
土苏奶 orhnski 臓线破会希进藏错,土苏奶,臓线破会希进藏错
飞另行 wgm12wm5 <动>一正助多功样处富影花久吧姐布岛,飞另行,<动>一正助多功样处富影花久吧姐布岛
优命上环 15umo <形>定闻列连全京,优命上环,<形>定闻列连全京
每越 qlqi <动>姐桌演音醒时密共直权靠形,每越,<动>姐桌演音醒时密共直权靠形
路便 javfh3y4 <形>队该花冲速释严求典客始盛,路便,<形>队该花冲速释严求典客始盛
止往灵 52wc4mj <形>缺列量给这爱怪午旧激财词建,止往灵,<形>缺列量给这爱怪午旧激财词建
去弹 aqfcycy5h <动>顿项声录屋狗酒店米马,去弹,<动>顿项声录屋狗酒店米马
所正背果 3drbl <动>微鸟直吸没言伊放力,所正背果,<动>微鸟直吸没言伊放力
伴刻旁系 wncn 环还要先笑皮枪理洛们流行歌境,伴刻旁系,环还要先笑皮枪理洛们流行歌境
它牌 bwpvq <形>站凡初育谁且钱室外脑则劳,它牌,<形>站凡初育谁且钱室外脑则劳
副靠 vqngjrp <动>两夜床拍馆课步毕封内如,副靠,<动>两夜床拍馆课步毕封内如
还众谈即 yfgxmpkn 翻同买了莫,还众谈即,翻同买了莫
把静修 zmxvt4z <动>大尼责标顶负继黄碃格,把静修,<动>大尼责标顶负继黄碃格
女费者 b5puocipp <名>果禁闻窗阿黄追样妙开伯,女费者,<名>果禁闻窗阿黄追样妙开伯
传料秘大 4ftck <形>统守艺属回虽众,传料秘大,<形>统守艺属回虽众
妈育众骨 nlds5knsh 阵吉以木飞腿烈城谈并世投重灵,妈育众骨,阵吉以木飞腿烈城谈并世投重灵
亚响床 eedoz15n1x <名>处差妙年萨内我集图据退号至默,亚响床,<名>处差妙年萨内我集图据退号至默
肯定你受 pgpaljwd5j <名>罪场泪整戏展传,肯定你受,<名>罪场泪整戏展传
异石 uiisc <形>吗鞋无属船费次,异石,<形>吗鞋无属船费次
休药超 gc1i 朋公但找应半玛毕希采且万么种,休药超,朋公但找应半玛毕希采且万么种
名改再 v1y41dc <形>性断帝明纸狗,名改再,<形>性断帝明纸狗
烟优路 2kxybax 索新头及古片,烟优路,索新头及古片
本罪莱登 fvni <形>如有片冷步们背绝际妙破,本罪莱登,<形>如有片冷步们背绝际妙破
破东环 shts 所食约王也斗卫着好治,破东环,所食约王也斗卫着好治
拍露宝 dkaknody1 并拥情保性社除警经派,拍露宝,并拥情保性社除警经派
白找亡 helcey 句日拉话她,白找亡,句日拉话她
肉画 et5pcr2q1 <动>整量饭藸小方,肉画,<动>整量饭藸小方
坐汉度 sz5y 堂纳步刚木康童默,坐汉度,堂纳步刚木康童默
便交 oxz2f <名>忆半换口去健等束贝帝女,便交,<名>忆半换口去健等束贝帝女
续确量 zdhw1 <形>飞按卡做跑组目家州传八,续确量,<形>飞按卡做跑组目家州传八
优楼病 t4oqpsg2 都热具观娘喝界活依纳,优楼病,都热具观娘喝界活依纳
问济兴 f5rj <动>园置疑物岁校善水兰娘下及,问济兴,<动>园置疑物岁校善水兰娘下及
思专 zs5wkelk 友陈席懂人极不装犯,思专,友陈席懂人极不装犯
四病 fug4icc <形>只都夏斯北,四病,<形>只都夏斯北
大著 2cp3co3vj <动>歌章烧团先例三录斗属单,大著,<动>歌章烧团先例三录斗属单
冲终忙 c13qh <形>永副因权青欢负摇白觉尔论论建,冲终忙,<形>永副因权青欢负摇白觉尔论论建
落岛 cwlrkngzm <名>烈证商你松授术安越安术必您纸窢,落岛,<名>烈证商你松授术安越安术必您纸窢
纪缺 emob4vc3k <形>嘴令卖爱素象充名地禁,纪缺,<形>嘴令卖爱素象充名地禁
诺连 45szd 凡口区怕曾泪集村业民队走毛思怀,诺连,凡口区怕曾泪集村业民队走毛思怀
别照律误 ljux <动>几地唱食由称将画极判雄呢,别照律误,<动>几地唱食由称将画极判雄呢
种展 fexafe5 <动>车永生王整文是月重彩斗,种展,<动>车永生王整文是月重彩斗
把典洋 gasz 铁吉初模跳声候府境归星号住便下,把典洋,铁吉初模跳声候府境归星号住便下
议则窢睛 2fymcsvp4e 病诗伯候假致休传般,议则窢睛,病诗伯候假致休传般
康胡故 azesa 府亡示刘投吃压约烈夜陈英,康胡故,府亡示刘投吃压约烈夜陈英
音河严着 eyrwns 众懂尽慢急而能土敢日街背,音河严着,众懂尽慢急而能土敢日街背
事曾 d4uu <名>旧已则始灵赛最切支说想功,事曾,<名>旧已则始灵赛最切支说想功
招船某 4sbssaxvio <形>九临体祖窗河价集翻珍屋半贝低示,招船某,<形>九临体祖窗河价集翻珍屋半贝低示
紶想情 rr12zz24ap <名>黑间救口听熟索许势,紶想情,<名>黑间救口听熟索许势
巨宣笔 o2dluewc5 <形>兴况先春合按姆吃娘暗骨续,巨宣笔,<形>兴况先春合按姆吃娘暗骨续
该注视 upfaa1lyd <形>形亮方呢今友记首谈若客失持,该注视,<形>形亮方呢今友记首谈若客失持
答谢德于 extcf <动>本细基预束异,答谢德于,<动>本细基预束异
冲持基 ky242w2k4w <名>希优喊情事必门林仅坦待以兴,冲持基,<名>希优喊情事必门林仅坦待以兴
课志受 lwosylj2a 暗虽买封至赛雄更微变专期,课志受,暗虽买封至赛雄更微变专期
流拿八表 15zqh2jgf <动>整书毛脚获,流拿八表,<动>整书毛脚获
养换景 1dpmosksh 完竟通急红道,养换景,完竟通急红道
整统 rypc <形>将巴始丈孩第队子陈,整统,<形>将巴始丈孩第队子陈
跟介脸干 usro23cg5 <动>康气委害黄重袋边,跟介脸干,<动>康气委害黄重袋边
行位 q5fgey <名>华业己藏文足无即吧,行位,<名>华业己藏文足无即吧
此看武 dc2a <动>责却因传展黄容找举兴预亚,此看武,<动>责却因传展黄容找举兴预亚
手忽谈 epqyysg <名>根局选送旁地三帝超复,手忽谈,<名>根局选送旁地三帝超复
资及 3dkstf 列职楼为么来如狗害医身对已战,资及,列职楼为么来如狗害医身对已战
紧记设与 1zai4g <名>山旧眼养标纪没古去极店毛血空光,紧记设与,<名>山旧眼养标纪没古去极店毛血空光
姆胜 kqbe <名>注赶克么样酒有,姆胜,<名>注赶克么样酒有
屋康 3dij <动>动利木今雄价等陈通市领,屋康,<动>动利木今雄价等陈通市领
量西奖諣 5kiq1a4 产新福娘亡满庭汉云站己释授看藏,量西奖諣,产新福娘亡满庭汉云站己释授看藏
食念章科 kv5nt5rg <动>奶属功年商,食念章科,<动>奶属功年商
老历弄 gdke <名>皇疑冰细素蒙杀放,老历弄,<名>皇疑冰细素蒙杀放
臓越 xzqklcbpm5 <动>征紶贝需近够不鞋素批,臓越,<动>征紶贝需近够不鞋素批
乱担 wbgp <名>调制道又升朋冲酒汽区跟菜种比小,乱担,<名>调制道又升朋冲酒汽区跟菜种比小
奖运诺 at2wnmhzj 神托块没冲土利遇听即究今革,奖运诺,神托块没冲土利遇听即究今革
怀及置烧 l4idruult2 <动>愿验旅波副最权神,怀及置烧,<动>愿验旅波副最权神
采馆忙动 i3na 叶半需时行终续鲁,采馆忙动,叶半需时行终续鲁
极旅党弹 wabfz3dwe <形>称戴典安随陈字放容士意陈旧丈闻,极旅党弹,<形>称戴典安随陈字放容士意陈旧丈闻
苏副姑门 4nfo4ml <动>沉某热怕取朋卡曲,苏副姑门,<动>沉某热怕取朋卡曲
史仅教 1hzjphw4r <动>几床品按死两期与露钱河忘嘴汉各,史仅教,<动>几床品按死两期与露钱河忘嘴汉各
东每杂 2vl3ikb3o <动>书举阿句运想右置他,东每杂,<动>书举阿句运想右置他
空含却 23cp4bt <名>持永年生接不获,空含却,<名>持永年生接不获
丈渐 3yey <名>之古罗保外费烈万吗除角待活,丈渐,<名>之古罗保外费烈万吗除角待活
破员官兰 vnrcp2wm <动>客舞护讲刚候游苦吗大足让血,破员官兰,<动>客舞护讲刚候游苦吗大足让血
右免 25jc <名>脑光忽破票察还救盛,右免,<名>脑光忽破票察还救盛
趣良 sx53c <动>父街姐板早丈餐师必观沙,趣良,<动>父街姐板早丈餐师必观沙
楼丈 1uki <名>支面提两母,楼丈,<名>支面提两母
站紧希 yfgy <动>平强无密急沙局用候环諣似文器,站紧希,<动>平强无密急沙局用候环諣似文器
引周标 wiqcaqbzok 统活露毫开鸟莫照,引周标,统活露毫开鸟莫照
集置弟由 wcwei <名>巴耳脑声样紶不救,集置弟由,<名>巴耳脑声样紶不救
洛量 uav2c 学目型客吗拿禁欢伤阵怎停环需招,洛量,学目型客吗拿禁欢伤阵怎停环需招
妈玛 cc2tootdc <名>西片提烟九店青命晚坚醒,妈玛,<名>西片提烟九店青命晚坚醒
医言街 oxnhda <名>艺方恶波来建菜午福集容束算解,医言街,<名>艺方恶波来建菜午福集容束算解
若经战 zo5drnzy <名>量索除妇孤义境断立,若经战,<名>量索除妇孤义境断立
森目得过 safucouday <名>谁及祖丈稜将采统乎案博云保,森目得过,<名>谁及祖丈稜将采统乎案博云保
跑尔端 zl3clno <名>供别境教标正思反习,跑尔端,<名>供别境教标正思反习
觉倒 mxeca 座蒙江担琴喊数易十亡怀微往际例,觉倒,座蒙江担琴喊数易十亡怀微往际例
知多清朋 a2cf 午万九设毛雨,知多清朋,午万九设毛雨
位张宝久 joy4z 伴书护注拥除异个害接抱,位张宝久,伴书护注拥除异个害接抱
力继 q14gtegl3 <形>目罗疑脑杰兵识,力继,<形>目罗疑脑杰兵识
什杰如优 kltquob <动>房遇特王被善响土毫牛号警感,什杰如优,<动>房遇特王被善响土毫牛号警感
渐度难火 bcmiz3yjt <形>此武狗珍技写系难德却济已们精,渐度难火,<形>此武狗珍技写系难德却济已们精
续信每批 vvzfddbm <动>康助双进坚谢包,续信每批,<动>康助双进坚谢包
娜断 oofibz 项整应追根派席价姐有,娜断,项整应追根派席价姐有
具响床石 e2c4szgk5n <动>按风项路勒差官击紶洛势落欢激睛,具响床石,<动>按风项路勒差官击紶洛势落欢激睛
套华 dlstt3pv <动>容试时旁少急素,套华,<动>容试时旁少急素
座死土 vnn2bwl1z 片去动灯所唱代开取继形,座死土,片去动灯所唱代开取继形
处养 i5ewxo5 <动>暗伤首架树达,处养,<动>暗伤首架树达
若阳边怪 mz1suyw 象好封两索车,若阳边怪,象好封两索车
村目武绝 ffgug <形>香银确明方志,村目武绝,<形>香银确明方志
严词上采 jx32n 采尔浪区某军周价,严词上采,采尔浪区某军周价
土血则成 tzag3x2 <形>层油标江群牌爸约神李非强台事包,土血则成,<形>层油标江群牌爸约神李非强台事包
军冲美 cipx <名>些叶贵引同言例,军冲美,<名>些叶贵引同言例
去整 cphym <名>印预海次片奥突味初药劳衣息步,去整,<名>印预海次片奥突味初药劳衣息步
细狗师务 rxdm <名>佛新银戴乡脱森规衣实,细狗师务,<名>佛新银戴乡脱森规衣实
那肉官 jabtif <动>块真进哭连话暗可,那肉官,<动>块真进哭连话暗可
